<?xml version="1.0" encoding="UTF-8"?>
<!DOCTYPE audio_dataset SYSTEM "audio_dataset.dtd">


<audio_dataset>
	<contentVersion>1.0</contentVersion>
	<tables>
			<table>
				<ids>
						<id>
							<idname>10</idname>
							<cells>
									<cell>
										<entries>
												<entry>
													<entrytype>2</entrytype>
													<entryhandle>S_SX_NemoMusic_6</entryhandle>
												</entry>
										</entries>
									</cell>
							</cells>
						</id>
						<id>
							<idname>20</idname>
							<cells>
									<cell>
										<entries>
												<entry>
													<entrytype>4</entrytype>
													<entryhandle>L_NA_SwimAlngWthNmThsUndrsAdv_3</entryhandle>
												</entry>
										</entries>
									</cell>
							</cells>
						</id>
						<id>
							<idname>30</idname>
							<cells>
									<cell>
										<entries>
												<entry>
													<entrytype>4</entrytype>
													<entryhandle>L_NA_FindingNemo_3</entryhandle>
												</entry>
										</entries>
									</cell>
							</cells>
						</id>
						<id>
							<idname>40</idname>
							<cells>
									<cell>
										<entries>
												<entry>
													<entrytype>2</entrytype>
													<entryhandle>S_SX_SpongebobMusic_6</entryhandle>
												</entry>
										</entries>
									</cell>
							</cells>
						</id>
						<id>
							<idname>50</idname>
							<cells>
									<cell>
										<entries>
												<entry>
													<entrytype>4</entrytype>
													<entryhandle>L_NA_MixItUpWthSpngbbAndPtrck_3</entryhandle>
												</entry>
										</entries>
									</cell>
							</cells>
						</id>
						<id>
							<idname>60</idname>
							<cells>
									<cell>
										<entries>
												<entry>
													<entrytype>1</entrytype>
													<entryhandle>R_SX_BoingSfx_6</entryhandle>
												</entry>
										</entries>
									</cell>
							</cells>
						</id>
						<id>
							<idname>70</idname>
							<cells>
									<cell>
										<entries>
												<entry>
													<entrytype>1</entrytype>
													<entryhandle>R_SX_RoofLiftingSfx_6</entryhandle>
												</entry>
										</entries>
									</cell>
							</cells>
						</id>
						<id>
							<idname>80</idname>
							<cells>
									<cell>
										<entries>
												<entry>
													<entrytype>4</entrytype>
													<entryhandle>L_NA_SpongebobSqrpntsSvsThDy_3</entryhandle>
												</entry>
										</entries>
									</cell>
							</cells>
						</id>
						<id>
							<idname>90</idname>
							<cells>
									<cell>
										<entries>
												<entry>
													<entrytype>2</entrytype>
													<entryhandle>S_SX_IncrediblesMusic_6</entryhandle>
												</entry>
										</entries>
									</cell>
							</cells>
						</id>
						<id>
							<idname>100</idname>
							<cells>
									<cell>
										<entries>
												<entry>
													<entrytype>1</entrytype>
													<entryhandle>R_SX_MetalCrashingSfx_6</entryhandle>
												</entry>
										</entries>
									</cell>
							</cells>
						</id>
						<id>
							<idname>110</idname>
							<cells>
									<cell>
										<entries>
												<entry>
													<entrytype>4</entrytype>
													<entryhandle>L_NA_HelpThsSprFmlySvThDy_3</entryhandle>
												</entry>
										</entries>
									</cell>
							</cells>
						</id>
						<id>
							<idname>120</idname>
							<cells>
									<cell>
										<entries>
												<entry>
													<entrytype>4</entrytype>
													<entryhandle>L_NA_TheIncredibles_5</entryhandle>
												</entry>
										</entries>
									</cell>
							</cells>
						</id>
						<id>
							<idname>130</idname>
							<cells>
									<cell>
										<entries>
												<entry>
													<entrytype>2</entrytype>
													<entryhandle>S_SX_LettersOnTheLoose_6</entryhandle>
												</entry>
										</entries>
									</cell>
							</cells>
						</id>
						<id>
							<idname>140</idname>
							<cells>
									<cell>
										<entries>
												<entry>
													<entrytype>4</entrytype>
													<entryhandle>L_NA_CatchAllTheLetters_3</entryhandle>
												</entry>
										</entries>
									</cell>
							</cells>
						</id>
						<id>
							<idname>150</idname>
							<cells>
									<cell>
										<entries>
												<entry>
													<entrytype>1</entrytype>
													<entryhandle>R_SX_ZoomSfx_6</entryhandle>
												</entry>
										</entries>
									</cell>
							</cells>
						</id>
						<id>
							<idname>160</idname>
							<cells>
									<cell>
										<entries>
												<entry>
													<entrytype>4</entrytype>
													<entryhandle>L_NA_LettersOnTheLoose_3</entryhandle>
												</entry>
										</entries>
									</cell>
							</cells>
						</id>
						<id>
							<idname>170</idname>
							<cells>
									<cell>
										<entries>
												<entry>
													<entrytype>1</entrytype>
													<entryhandle>R_SX_AppearSfx_6</entryhandle>
												</entry>
										</entries>
									</cell>
							</cells>
						</id>
						<id>
							<idname>180</idname>
							<cells>
									<cell>
										<entries>
												<entry>
													<entrytype>1</entrytype>
													<entryhandle>R_SX_PipeFallingSfx_6</entryhandle>
												</entry>
										</entries>
									</cell>
							</cells>
						</id>
						<id>
							<idname>190</idname>
							<cells>
									<cell>
										<entries>
												<entry>
													<entrytype>1</entrytype>
													<entryhandle>R_SX_AirEscapingSfx_6</entryhandle>
												</entry>
										</entries>
									</cell>
							</cells>
						</id>
						<id>
							<idname>200</idname>
							<cells>
									<cell>
										<entries>
												<entry>
													<entrytype>2</entrytype>
													<entryhandle>S_SX_MrPencilMusic_6</entryhandle>
												</entry>
										</entries>
									</cell>
							</cells>
						</id>
						<id>
							<idname>210</idname>
							<cells>
									<cell>
										<entries>
												<entry>
													<entrytype>4</entrytype>
													<entryhandle>L_NA_WriteDrwAndCrtAMstrpc_3</entryhandle>
												</entry>
										</entries>
									</cell>
							</cells>
						</id>
						<id>
							<idname>220</idname>
							<cells>
									<cell>
										<entries>
												<entry>
													<entrytype>1</entrytype>
													<entryhandle>R_SX_ArcingRainbowSfx_6</entryhandle>
												</entry>
										</entries>
									</cell>
							</cells>
						</id>
						<id>
							<idname>230</idname>
							<cells>
									<cell>
										<entries>
												<entry>
													<entrytype>1</entrytype>
													<entryhandle>R_SX_PaintSplotchesSfx_6</entryhandle>
												</entry>
										</entries>
									</cell>
							</cells>
						</id>
						<id>
							<idname>240</idname>
							<cells>
									<cell>
										<entries>
												<entry>
													<entrytype>4</entrytype>
													<entryhandle>L_NA_MrPnclsLrnTDrwAndWrt_3</entryhandle>
												</entry>
										</entries>
									</cell>
							</cells>
						</id>
						<id>
							<idname>250</idname>
							<cells>
									<cell>
										<entries>
												<entry>
													<entrytype>2</entrytype>
													<entryhandle>S_SX_DisneyPrincessMusic_6</entryhandle>
												</entry>
										</entries>
									</cell>
							</cells>
						</id>
						<id>
							<idname>260</idname>
							<cells>
									<cell>
										<entries>
												<entry>
													<entrytype>1</entrytype>
													<entryhandle>R_SX_HorseRidingSfx_6</entryhandle>
												</entry>
										</entries>
									</cell>
							</cells>
						</id>
						<id>
							<idname>270</idname>
							<cells>
									<cell>
										<entries>
												<entry>
													<entrytype>4</entrytype>
													<entryhandle>L_NA_RideWithBelle_3</entryhandle>
												</entry>
										</entries>
									</cell>
							</cells>
						</id>
						<id>
							<idname>280</idname>
							<cells>
									<cell>
										<entries>
												<entry>
													<entrytype>4</entrytype>
													<entryhandle>L_NA_AndExploreWithArielIn_3</entryhandle>
												</entry>
										</entries>
									</cell>
							</cells>
						</id>
						<id>
							<idname>290</idname>
							<cells>
									<cell>
										<entries>
												<entry>
													<entrytype>4</entrytype>
													<entryhandle>L_NA_DisneyPrncssWrldsOfEnchn_3</entryhandle>
												</entry>
										</entries>
									</cell>
							</cells>
						</id>
						<id>
							<idname>300</idname>
							<cells>
									<cell>
										<entries>
												<entry>
													<entrytype>2</entrytype>
													<entryhandle>S_SX_GoDiegoGoMusic_6</entryhandle>
												</entry>
										</entries>
									</cell>
							</cells>
						</id>
						<id>
							<idname>310</idname>
							<cells>
									<cell>
										<entries>
												<entry>
													<entrytype>1</entrytype>
													<entryhandle>R_SX_SnowmobileSfx_6</entryhandle>
												</entry>
										</entries>
									</cell>
							</cells>
						</id>
						<id>
							<idname>320</idname>
							<cells>
									<cell>
										<entries>
												<entry>
													<entrytype>4</entrytype>
													<entryhandle>L_NA_HelpSvAnmlsRnfrstMntnsDs_3</entryhandle>
												</entry>
										</entries>
									</cell>
							</cells>
						</id>
						<id>
							<idname>330</idname>
							<cells>
									<cell>
										<entries>
												<entry>
													<entrytype>4</entrytype>
													<entryhandle>L_NA_GoDiegoGoAnimalRescuers_3</entryhandle>
												</entry>
										</entries>
									</cell>
							</cells>
						</id>
						<id>
							<idname>340</idname>
							<cells>
									<cell>
										<entries>
												<entry>
													<entrytype>2</entrytype>
													<entryhandle>S_SX_FostersMusic_6</entryhandle>
												</entry>
										</entries>
									</cell>
							</cells>
						</id>
						<id>
							<idname>350</idname>
							<cells>
									<cell>
										<entries>
												<entry>
													<entrytype>1</entrytype>
													<entryhandle>R_SX_BedSpringsSfx_6</entryhandle>
												</entry>
										</entries>
									</cell>
							</cells>
						</id>
						<id>
							<idname>360</idname>
							<cells>
									<cell>
										<entries>
												<entry>
													<entrytype>4</entrytype>
													<entryhandle>L_NA_HelpMcAndBlTkCrOfImgnryF_3</entryhandle>
												</entry>
										</entries>
									</cell>
							</cells>
						</id>
						<id>
							<idname>370</idname>
							<cells>
									<cell>
										<entries>
												<entry>
													<entrytype>4</entrytype>
													<entryhandle>L_NA_FostersHmFrImgnryFrnds_3</entryhandle>
												</entry>
										</entries>
									</cell>
							</cells>
						</id>
						<id>
							<idname>380</idname>
							<cells>
									<cell>
										<entries>
												<entry>
													<entrytype>2</entrytype>
													<entryhandle>S_SX_CarsSupercharged_6</entryhandle>
												</entry>
										</entries>
									</cell>
							</cells>
						</id>
						<id>
							<idname>390</idname>
							<cells>
									<cell>
										<entries>
												<entry>
													<entrytype>4</entrytype>
													<entryhandle>L_NA_BlowPstThFnshLnRcngFnsIn_3</entryhandle>
												</entry>
										</entries>
									</cell>
							</cells>
						</id>
						<id>
							<idname>400</idname>
							<cells>
									<cell>
										<entries>
												<entry>
													<entrytype>4</entrytype>
													<entryhandle>L_NA_CarsSupercharged_3</entryhandle>
												</entry>
										</entries>
									</cell>
							</cells>
						</id>
						<id>
							<idname>410</idname>
							<cells>
									<cell>
										<entries>
												<entry>
													<entrytype>2</entrytype>
													<entryhandle>S_SX_Sonic_6</entryhandle>
												</entry>
										</entries>
									</cell>
							</cells>
						</id>
						<id>
							<idname>420</idname>
							<cells>
									<cell>
										<entries>
												<entry>
													<entrytype>4</entrytype>
													<entryhandle>L_NA_RaceToTheRescueWith_3</entryhandle>
												</entry>
										</entries>
									</cell>
							</cells>
						</id>
						<id>
							<idname>430</idname>
							<cells>
									<cell>
										<entries>
												<entry>
													<entrytype>4</entrytype>
													<entryhandle>L_NA_Sonic_5</entryhandle>
												</entry>
										</entries>
									</cell>
							</cells>
						</id>
						<id>
							<idname>440</idname>
							<cells>
									<cell>
										<entries>
												<entry>
													<entrytype>2</entrytype>
													<entryhandle>S_SX_Backyardigans_6</entryhandle>
												</entry>
										</entries>
									</cell>
							</cells>
						</id>
						<id>
							<idname>450</idname>
							<cells>
									<cell>
										<entries>
												<entry>
													<entrytype>4</entrytype>
													<entryhandle>L_NA_GoOnExctngAdvntrsWthYrFr_3</entryhandle>
												</entry>
										</entries>
									</cell>
							</cells>
						</id>
						<id>
							<idname>460</idname>
							<cells>
									<cell>
										<entries>
												<entry>
													<entrytype>4</entrytype>
													<entryhandle>L_NA_TheBackyardigans_3</entryhandle>
												</entry>
										</entries>
									</cell>
							</cells>
						</id>
						<id>
							<idname>470</idname>
							<cells>
									<cell>
										<entries>
												<entry>
													<entrytype>2</entrytype>
													<entryhandle>S_SX_ThomasFriends_6</entryhandle>
												</entry>
										</entries>
									</cell>
							</cells>
						</id>
						<id>
							<idname>480</idname>
							<cells>
									<cell>
										<entries>
												<entry>
													<entrytype>1</entrytype>
													<entryhandle>R_SX_TrainWhistleSfx_6</entryhandle>
												</entry>
										</entries>
									</cell>
							</cells>
						</id>
						<id>
							<idname>490</idname>
							<cells>
									<cell>
										<entries>
												<entry>
													<entrytype>4</entrytype>
													<entryhandle>L_NA_ThomasFrndsCllngAllEngns_5</entryhandle>
												</entry>
										</entries>
									</cell>
							</cells>
						</id>
						<id>
							<idname>500</idname>
							<cells>
									<cell>
										<entries>
												<entry>
													<entrytype>2</entrytype>
													<entryhandle>S_SX_PetPalsMusic_6</entryhandle>
												</entry>
										</entries>
									</cell>
							</cells>
						</id>
						<id>
							<idname>510</idname>
							<cells>
									<cell>
										<entries>
												<entry>
													<entrytype>1</entrytype>
													<entryhandle>R_SX_DogBarkSfx_6</entryhandle>
												</entry>
										</entries>
									</cell>
							</cells>
						</id>
						<id>
							<idname>520</idname>
							<cells>
									<cell>
										<entries>
												<entry>
													<entrytype>4</entrytype>
													<entryhandle>L_NA_RaiseYourOwnPuppyIn_3</entryhandle>
												</entry>
										</entries>
									</cell>
							</cells>
						</id>
						<id>
							<idname>530</idname>
							<cells>
									<cell>
										<entries>
												<entry>
													<entrytype>4</entrytype>
													<entryhandle>L_NA_PetPals_3</entryhandle>
												</entry>
										</entries>
									</cell>
							</cells>
						</id>
						<id>
							<idname>540</idname>
							<cells>
									<cell>
										<entries>
												<entry>
													<entrytype>2</entrytype>
													<entryhandle>S_SX_CreatureCreateMusic_6</entryhandle>
												</entry>
										</entries>
									</cell>
							</cells>
						</id>
						<id>
							<idname>550</idname>
							<cells>
									<cell>
										<entries>
												<entry>
													<entrytype>4</entrytype>
													<entryhandle>L_NA_BuildMnstrOfFrndshpWthCr_3</entryhandle>
												</entry>
										</entries>
									</cell>
							</cells>
						</id>
						<id>
							<idname>560</idname>
							<cells>
									<cell>
										<entries>
												<entry>
													<entrytype>1</entrytype>
													<entryhandle>R_SX_BouncingBlobSfx_6</entryhandle>
												</entry>
										</entries>
									</cell>
							</cells>
						</id>
						<id>
							<idname>570</idname>
							<cells>
									<cell>
										<entries>
												<entry>
													<entrytype>4</entrytype>
													<entryhandle>L_NA_CreatureCreate_3</entryhandle>
												</entry>
										</entries>
									</cell>
							</cells>
						</id>
						<id>
							<idname>580</idname>
							<cells>
									<cell>
										<entries>
												<entry>
													<entrytype>2</entrytype>
													<entryhandle>S_SX_Ratatouille_6</entryhandle>
												</entry>
										</entries>
									</cell>
							</cells>
						</id>
						<id>
							<idname>590</idname>
							<cells>
									<cell>
										<entries>
												<entry>
													<entrytype>4</entrytype>
													<entryhandle>L_NA_GetCookingWithRemy_3</entryhandle>
												</entry>
										</entries>
									</cell>
							</cells>
						</id>
						<id>
							<idname>600</idname>
							<cells>
									<cell>
										<entries>
												<entry>
													<entrytype>1</entrytype>
													<entryhandle>R_SX_RatSniffingSfx_6</entryhandle>
												</entry>
										</entries>
									</cell>
							</cells>
						</id>
						<id>
							<idname>610</idname>
							<cells>
									<cell>
										<entries>
												<entry>
													<entrytype>4</entrytype>
													<entryhandle>L_NA_AndLinguiniIn_3</entryhandle>
												</entry>
										</entries>
									</cell>
							</cells>
						</id>
						<id>
							<idname>620</idname>
							<cells>
									<cell>
										<entries>
												<entry>
													<entrytype>4</entrytype>
													<entryhandle>L_NA_RatatouilleACmdyWthGdTst_5</entryhandle>
												</entry>
										</entries>
									</cell>
							</cells>
						</id>
						<id>
							<idname>630</idname>
							<cells>
									<cell>
										<entries>
												<entry>
													<entrytype>2</entrytype>
													<entryhandle>S_SX_CliffordBackground_6</entryhandle>
												</entry>
										</entries>
									</cell>
							</cells>
						</id>
						<id>
							<idname>640</idname>
							<cells>
									<cell>
										<entries>
												<entry>
													<entrytype>4</entrytype>
													<entryhandle>L_NA_GatherJksAndHvLghAsYPlyF_3</entryhandle>
												</entry>
										</entries>
									</cell>
							</cells>
						</id>
						<id>
							<idname>650</idname>
							<cells>
									<cell>
										<entries>
												<entry>
													<entrytype>4</entrytype>
													<entryhandle>L_NA_CliffordReading_3</entryhandle>
												</entry>
										</entries>
									</cell>
							</cells>
						</id>
						<id>
							<idname>660</idname>
							<cells>
									<cell>
										<entries>
												<entry>
													<entrytype>2</entrytype>
													<entryhandle>S_SX_WallEBackground_6</entryhandle>
												</entry>
										</entries>
									</cell>
							</cells>
						</id>
						<id>
							<idname>670</idname>
							<cells>
									<cell>
										<entries>
												<entry>
													<entrytype>1</entrytype>
													<entryhandle>R_SX_IlluminatingSfx_6</entryhandle>
												</entry>
										</entries>
									</cell>
							</cells>
						</id>
						<id>
							<idname>680</idname>
							<cells>
									<cell>
										<entries>
												<entry>
													<entrytype>4</entrytype>
													<entryhandle>L_NA_HelpWllEDscvrWhtHWsMntFr_3</entryhandle>
												</entry>
										</entries>
									</cell>
							</cells>
						</id>
						<id>
							<idname>690</idname>
							<cells>
									<cell>
										<entries>
												<entry>
													<entrytype>4</entrytype>
													<entryhandle>L_NA_WallEPronounceWally_3</entryhandle>
												</entry>
										</entries>
									</cell>
							</cells>
						</id>
						<id>
							<idname>700</idname>
							<cells>
									<cell>
										<entries>
												<entry>
													<entrytype>2</entrytype>
													<entryhandle>S_SX_ISpyChallengerMusic_6</entryhandle>
												</entry>
										</entries>
									</cell>
							</cells>
						</id>
						<id>
							<idname>710</idname>
							<cells>
									<cell>
										<entries>
												<entry>
													<entrytype>1</entrytype>
													<entryhandle>R_SX_TbdSfx_6</entryhandle>
												</entry>
										</entries>
									</cell>
							</cells>
						</id>
						<id>
							<idname>720</idname>
							<cells>
									<cell>
										<entries>
												<entry>
													<entrytype>4</entrytype>
													<entryhandle>L_NA_PlayChllngngRddlsAndFstP_3</entryhandle>
												</entry>
										</entries>
									</cell>
							</cells>
						</id>
						<id>
							<idname>730</idname>
							<cells>
									<cell>
										<entries>
												<entry>
													<entrytype>4</entrytype>
													<entryhandle>L_NA_ISpyChallenger_3</entryhandle>
												</entry>
										</entries>
									</cell>
							</cells>
						</id>
						<id>
							<idname>740</idname>
							<cells>
									<cell>
										<entries>
												<entry>
													<entrytype>2</entrytype>
													<entryhandle>S_SX_NewDora_6</entryhandle>
												</entry>
										</entries>
									</cell>
							</cells>
						</id>
						<id>
							<idname>750</idname>
							<cells>
									<cell>
										<entries>
												<entry>
													<entrytype>4</entrytype>
													<entryhandle>L_NA_JoinDrAndBtsOnCmpngAdvnt_3</entryhandle>
												</entry>
										</entries>
									</cell>
							</cells>
						</id>
						<id>
							<idname>760</idname>
							<cells>
									<cell>
										<entries>
												<entry>
													<entrytype>4</entrytype>
													<entryhandle>L_NA_DoraGoesToCampTbd_3</entryhandle>
												</entry>
										</entries>
									</cell>
							</cells>
						</id>
						<id>
							<idname>770</idname>
							<cells>
									<cell>
										<entries>
												<entry>
													<entrytype>2</entrytype>
													<entryhandle>S_SX_CloneWarsBackground_6</entryhandle>
												</entry>
										</entries>
									</cell>
							</cells>
						</id>
						<id>
							<idname>780</idname>
							<cells>
									<cell>
										<entries>
												<entry>
													<entrytype>1</entrytype>
													<entryhandle>R_SX_ShipBlastOffSfx_6</entryhandle>
												</entry>
										</entries>
									</cell>
							</cells>
						</id>
						<id>
							<idname>790</idname>
							<cells>
									<cell>
										<entries>
												<entry>
													<entrytype>4</entrytype>
													<entryhandle>L_NA_UseThFrcTSvThGlxyIn_3</entryhandle>
												</entry>
										</entries>
									</cell>
							</cells>
						</id>
						<id>
							<idname>800</idname>
							<cells>
									<cell>
										<entries>
												<entry>
													<entrytype>4</entrytype>
													<entryhandle>L_NA_TheCloneWars_3</entryhandle>
												</entry>
										</entries>
									</cell>
							</cells>
						</id>
						<id>
							<idname>810</idname>
							<cells>
									<cell>
										<entries>
												<entry>
													<entrytype>2</entrytype>
													<entryhandle>S_SX_ScholasticGetPuzzled_6</entryhandle>
												</entry>
										</entries>
									</cell>
							</cells>
						</id>
						<id>
							<idname>820</idname>
							<cells>
									<cell>
										<entries>
												<entry>
													<entrytype>4</entrytype>
													<entryhandle>L_NA_WhatsYourPuzzlePower_4</entryhandle>
												</entry>
										</entries>
									</cell>
							</cells>
						</id>
						<id>
							<idname>830</idname>
							<cells>
									<cell>
										<entries>
												<entry>
													<entrytype>4</entrytype>
													<entryhandle>L_NA_ChallengeYrBrnWthGtPzzld_5</entryhandle>
												</entry>
										</entries>
									</cell>
							</cells>
						</id>
				</ids>
			</table>
			<table>
				<ids>
						<id>
							<idname>10</idname>
							<cells>
									<cell>
										<entries>
												<entry>
													<entrytype>1</entrytype>
													<entryhandle>R_SX_ForwardSfx_6</entryhandle>
												</entry>
										</entries>
									</cell>
							</cells>
						</id>
						<id>
							<idname>20</idname>
							<cells>
									<cell>
										<entries>
												<entry>
													<entrytype>1</entrytype>
													<entryhandle>R_SX_BackwardSfx_6</entryhandle>
												</entry>
										</entries>
									</cell>
							</cells>
						</id>
				</ids>
			</table>
			<table>
				<ids>
						<id>
							<idname>10</idname>
							<cells>
									<cell>
										<entries>
												<entry>
													<entrytype>1</entrytype>
													<entryhandle>LPSR_BROM_Click_6</entryhandle>
												</entry>
										</entries>
									</cell>
							</cells>
						</id>
				</ids>
			</table>
	</tables>
</audio_dataset>

